{
    "rmse": 0.6852317574301351,
    "mae": 0.5508363249127989,
    "r2": 0.26516286022020974
}